{
  "AS_TITLE"                        : "Channel Directory",
  "AS_MENU_FEATURED"                : "Featured",
  "AS_MENU_NEW"                     : "What's New",
  "AS_MENU_UPDATED"                 : "Recently Updated",
  "AS_MENU_POPULAR"                 : "Most Popular",
  "AS_MENU_MORE"                    : "More...",
  "AS_MENU_AVAILABLE"               : "All Available Plug-ins",
  "AS_MENU_INTERNATIONAL"           : "Foreign (Region-Restricted) Plug-ins",
  "AS_MENU_AGENTS"                  : "Metadata Agents",
  "AS_MENU_INSTALLED"               : "Installed Plug-ins",
  "AS_MENU_CATEGORIES"              : "Categories",
  "AS_MENU_TYPES"                   : "Media Types",
  "AS_MENU_INSTALL"                 : "Install",
  "AS_MENU_UPDATE"                  : "Update",
  "AS_MENU_RESET"                   : "Reset",
  "AS_MENU_RESTART"                 : "Restart",
  "AS_MENU_UNINSTALL"               : "Uninstall",
  "AS_MENU_SHOW_UPDATES"            : "Check for Updates",
  "AS_MENU_INSTALL_UPDATES"         : "Install Updates",
  "AS_MENU_CANCEL"                  : "Cancel",
  "AS_HISTORY"                      : "History",
  "AS_VIEW_HISTORY"                 : "View History",
  "AS_MENU_PREFS"                   : "Preferences...",
  
  "AS_MSG_INSTALL_SUCCESS_T"        : "Installation complete",
  "AS_MSG_INSTALL_SUCCESS_B"        : "%s was successfully installed.",
  "AS_MSG_INSTALL_FAIL_T"           : "Installation failed",
  "AS_MSG_INSTALL_FAIL_B"           : "%s couldn't be installed.\nPlease check the log for more details.",
  "AS_MSG_UNINSTALL_SUCCESS_T"      : "Uninstallation complete",
  "AS_MSG_UNINSTALL_SUCCESS_B"      : "%s was successfully uninstalled.",
  "AS_MSG_UNINSTALL_FAIL_T"         : "Uninstallation failed",
  "AS_MSG_UNINSTALL_FAIL_B"         : "%s couldn't be uninstalled.\nPlease check the log for more details.",
  "AS_MSG_UPDATE_SUCCESS_T"         : "Update complete",
  "AS_MSG_UPDATE_SUCCESS_B"         : "%s was successfully updated.",
  "AS_MSG_UPDATE_ALL_SUCCESS_B"     : "All plug-ins were updated successfully.",
  "AS_MSG_UPDATE_PROBLEM_T"         : "Problem during update",
  "AS_MSG_UPDATE_PROBLEM_B"         : "Some of your plug-ins couldn't be updated.\nPlease check the log for more details.",
  "AS_MSG_ALREADY_INSTALLING_T"     : "Already installing updates",
  "AS_MSG_ALREADY_INSTALLING_B"     : "Updates are currently being downloaded from Plex Connect.\nPlease try again in a few minutes.",
  "AS_MSG_UPDATE_FAIL_T"            : "Update failed",
  "AS_MSG_UPDATE_FAIL_B"            : "%s couldn't be updated.\nPlease check the log for more details.",
  "AS_MSG_NO_UPDATE_T"              : "No update available",
  "AS_MSG_NO_UPDATE_B"              : "You already have the latest version of %s.",
  "AS_MSG_RESTART_SUCCESS_T"        : "Restart complete",
  "AS_MSG_RESTART_SUCCESS_B"        : "%s was successfully restarted.",
  "AS_MSG_RESTART_FAIL_T"           : "Restart failed",
  "AS_MSG_RESTART_FAIL_B"           : "%s couldn't be restarted.\nPlease check the log for more details.",
  "AS_MSG_RESET_SUCCESS_T"          : "Reset complete",
  "AS_MSG_RESET_SUCCESS_B"          : "%s was successfully reset.",
  "AS_MSG_RESET_FAIL_T"             : "Reset failed",
  "AS_MSG_RESET_FAIL_B"             : "%s couldn't be reset.\nPlease check the log for more details.",
  "AS_MSG_NO_UPDATES_T"             : "No updates available",
  "AS_MSG_NO_UPDATES_B"             : "All your plug-ins are up to date.",
  "AS_MSG_NUM_UPDATE"               : "%d update available.",
  "AS_MSG_NUM_UPDATES"              : "%d updates available.",
  "AS_MSG_CANCEL_UPDATE_WARNING"    : "These updates are will fix problems and enhance the features of plug-ins you've installed. If you choose not to install them, some of your plug-ins may be unstable or non-functional. It is recommended that you install these updates now.",
  
  "PO_RGN_LBL"                      : "Region",
  "PO_RGN_AUTO"                     : "Autodetect",
  "PO_RGN_US"                       : "United States",
  "PO_RGN_GB"                       : "United Kingdom",
  "PO_RGN_AU"                       : "Australia",
  "PO_RGN_NL"                       : "The Netherlands",
  "PO_RGN_FR"                       : "France",
  "PO_RGN_DE"                       : "Germany",
  "PO_RGN_CA"                       : "Canada",
  "PO_RGN_DK"                       : "Denmark",
  "PO_RGN_NO"                       : "Norway",
  "PO_RGN_FI"                       : "Finland",
  "PO_RGN_SE"                       : "Sweden",
  "PO_RGN_FI"                       : "Finland",
  "PO_RGN_BE"                       : "Belgium",
  "PO_RGN_AT"                       : "Austria",
  "PO_RGN_RU"                       : "Russia",
  "PO_RGN_MX"                       : "Mexico",
  "PO_RGN_BR"                       : "Brazil",
  "PO_RGN_KO"                       : "Republic of Korea",
  
  "PO_BETA_LBL"                     : "Enable Developer Mode",
  
  "HS_TITLE"                        : "Plex Help" 


}