{
  "AS_TITLE"                        : "Channel Directory",
  "AS_MENU_FEATURED"                : "추천",
  "AS_MENU_NEW"                     : "신규",
  "AS_MENU_UPDATED"                 : "최신 업데이트",
  "AS_MENU_POPULAR"                 : "인기",
  "AS_MENU_MORE"                    : "더보기",
  "AS_MENU_AVAILABLE"               : "사용 가능한 전체 플러그인",
  "AS_MENU_INTERNATIONAL"           : "지역 제한된 플러그인",
  "AS_MENU_AGENTS"                  : "메타데이타 에이전트",
  "AS_MENU_INSTALLED"               : "설치된 플러그인",
  "AS_MENU_CATEGORIES"              : "카테고리",
  "AS_MENU_TYPES"                   : "미디어 종류",
  "AS_MENU_INSTALL"                 : "설치",
  "AS_MENU_UPDATE"                  : "업데이트",
  "AS_MENU_RESET"                   : "초기화",
  "AS_MENU_RESTART"                 : "재시작",
  "AS_MENU_UNINSTALL"               : "제거",
  "AS_MENU_SHOW_UPDATES"            : "업데이트 확인",
  "AS_MENU_INSTALL_UPDATES"         : "업데이트 설치",
  "AS_MENU_CANCEL"                  : "취소",
  "AS_HISTORY"                      : "내역",
  "AS_VIEW_HISTORY"                 : "설치 내역 보기",
  "AS_MENU_PREFS"                   : "설정",
  
  "AS_MSG_INSTALL_SUCCESS_T"        : "설치 완료",
  "AS_MSG_INSTALL_SUCCESS_B"        : "%s을/를 설치하는데 성공했습니다.",
  "AS_MSG_INSTALL_FAIL_T"           : "설치 실패",
  "AS_MSG_INSTALL_FAIL_B"           : "%s을/를 설치할 수 없습니다.\n자세한 정보는 로그에서 확인하세요.",
  "AS_MSG_UNINSTALL_SUCCESS_T"      : "제거 완료",
  "AS_MSG_UNINSTALL_SUCCESS_B"      : "%s을/를 제거하는데 성공했습니다.",
  "AS_MSG_UNINSTALL_FAIL_T"         : "제거 실패",
  "AS_MSG_UNINSTALL_FAIL_B"         : "%s을/를 제거할 수 없습니다.\n자세한 정보는 로그에서 확인하세요.",
  "AS_MSG_UPDATE_SUCCESS_T"         : "업데이트 완료",
  "AS_MSG_UPDATE_SUCCESS_B"         : "%s을/를 업데이트하는데 성공했습니다.",
  "AS_MSG_UPDATE_ALL_SUCCESS_B"     : "모든 플러그인들이 업데이트 성공하였습니다.",
  "AS_MSG_UPDATE_PROBLEM_T"         : "업데이트 오류",
  "AS_MSG_UPDATE_PROBLEM_B"         : "일부 플러그인을 업데이트할 수 없습니다.\n자세한 정보는 로그에서 확인하세요.",
  "AS_MSG_ALREADY_INSTALLING_T"     : "업데이트 설치 중",
  "AS_MSG_ALREADY_INSTALLING_B"     : "이미 Plex Connect로부터 업데이트를 내려 받고 있습니다.\n잠시 후에 다시 해보세요.",
  "AS_MSG_UPDATE_FAIL_T"            : "업데이트 실패",
  "AS_MSG_UPDATE_FAIL_B"            : "%s을/를 업데이트할 수 없습니다.\n자세한 정보는 로그에서 확인하세요.",
  "AS_MSG_NO_UPDATE_T"              : "업데이트 없음",
  "AS_MSG_NO_UPDATE_B"              : "이미 최신 %s이/가 설치되었습니다.",
  "AS_MSG_RESTART_SUCCESS_T"        : "재시작 완료",
  "AS_MSG_RESTART_SUCCESS_B"        : "%s을/를 재시작하는데 성공했습니다.",
  "AS_MSG_RESTART_FAIL_T"           : "재시작 실패",
  "AS_MSG_RESTART_FAIL_B"           : "%s을/를 재시작할 수 없습니다.\n자세한 정보는 로그에서 확인하세요.",
  "AS_MSG_RESET_SUCCESS_T"          : "초기화 완료",
  "AS_MSG_RESET_SUCCESS_B"          : "%s을/를 초기화하는데 성공했습니다.",
  "AS_MSG_RESET_FAIL_T"             : "초기화 실패",
  "AS_MSG_RESET_FAIL_B"             : "%s을/를 초기화할 수 없습니다.\n자세한 정보는 로그에서 확인하세요.",
  "AS_MSG_NO_UPDATES_T"             : "모두 최신",
  "AS_MSG_NO_UPDATES_B"             : "모든 플러그인이 최신입니다.",
  "AS_MSG_NUM_UPDATE"               : "%d 업데이트 가능.",
  "AS_MSG_NUM_UPDATES"              : "%d 업데이트 가능.",
  "AS_MSG_CANCEL_UPDATE_WARNING"    : "이 업데이트들은 설치된 플러그인들의 문제점을 수정하고 기능을 개선합니다. 업데이트를 취소하면, 일부 플러그인이 제대로 작동하지 않을 수 있습니다. 바로 업데이트를 설치하시길 권장합니다.",
  
  "PO_RGN_LBL"                      : "지역",
  "PO_RGN_AUTO"                     : "자동 설정",
  "PO_RGN_US"                       : "미국",
  "PO_RGN_GB"                       : "영국",
  "PO_RGN_AU"                       : "오스트레일리아",
  "PO_RGN_NL"                       : "네덜란드",
  "PO_RGN_FR"                       : "프랑스",
  "PO_RGN_DE"                       : "독일",
  "PO_RGN_CA"                       : "캐나다",
  
  "PO_BETA_LBL"                     : "베타 버젼 사용",
  
  "HS_TITLE"                        : "도움말" 


}