[
    {
        "id": "collections",
        "label": "Use collection info from The Movie Database",
        "type": "bool",
        "default": "false"
    },
    {
        "id": "localart",
        "label": "Prefer artwork based on library language",
        "type": "bool",
        "default": "true"
    },
    {
        "id": "adult",
        "label": "Include adult content",
        "type": "bool",
        "default": "false"
    },
    {
        "id": "country",
        "label": "Country (used for release date and content rating)",
        "type": "enum",
        "values": [
            "",
            "Argentina",
            "Australia",
            "Austria",
            "Belgium",
            "Belize",
            "Bolivia",
            "Brazil",
            "Canada",
            "Chile",
            "Colombia",
            "Costa Rica",
            "Czech Republic",
            "Denmark",
            "Dominican Republic",
            "Ecuador",
            "El Salvador",
            "France",
            "Germany",
            "Guatemala",
            "Honduras",
            "Hong Kong SAR",
            "Ireland",
            "Italy",
            "Jamaica",
            "Korea",
            "Liechtenstein",
            "Luxembourg",
            "Mexico",
            "Netherlands",
            "New Zealand",
            "Nicaragua",
            "Panama",
            "Paraguay",
            "Peru",
            "Portugal",
            "Peoples Republic of China",
            "Puerto Rico",
            "Russia",
            "Singapore",
            "South Africa",
            "Spain",
            "Sweden",
            "Switzerland",
            "Taiwan",
            "Trinidad",
            "United Kingdom",
            "United States",
            "Uruguay",
            "Venezuela"
        ],
        "default": "United States"
    }
]
