{
  "None": "None",
  "eng": "English",
  "alb": "Albanian",
  "ara": "Arabic",
  "arm": "Armenian",
  "bos": "Bosnian",
  "bul": "Bulgarian",
  "cat": "Catalan",
  "chi": "Chinese",
  "hrv": "Croatian",
  "cze": "Czech",
  "dan": "Danish",
  "dut": "Dutch",
  "epo": "Esperanto",
  "est": "Estonian",
  "fas": "Persian",
  "fin": "Finnish",
  "fre": "French",
  "lgl": "Wala",
  "geo": "Georgian",
  "ger": "German",
  "ell": "Greek",
  "heb": "Hebrew",
  "hin": "Hindi",
  "hun": "Hungarian",
  "ice": "Icelandic",
  "ind": "Indonesian",
  "ita": "Italian",
  "jpn": "Japanese",
  "kaz": "Kazakh",
  "kor": "Korean",
  "lat": "Latvian",
  "lit": "Lithuanian",
  "ltz": "Luxembourgish",
  "mac": "Macedonian",
  "may": "Malay",
  "nor": "Norwegian",
  "oci": "Occitan",
  "pol": "Polish",
  "por": "Portuguese",
  "pob": "Portuguese-BR",
  "rum": "Romanian",
  "rus": "Russian",
  "srp": "Serbian",
  "slo": "Slovak",
  "slv": "Slovenian",
  "spa": "Spanish",
  "swe": "Swedish",
  "syr": "Syriac",
  "tha": "Thai",
  "tur": "Turkish",
  "ukr": "Ukrainian",
  "urd": "Urdu",
  "vie": "Vietnamese"
}